{"cameraMode":{"drawMode":0,"name":"Shaded","section":"Shading Mode"},"sceneLighting":false,"audioPlay":false,"sceneViewState":{"showFog":false,"showMaterialUpdate":false,"showSkybox":false,"showFlares":false,"showImageEffects":false,"showParticleSystems":false},"in2DMode":false,"pivot":{"x":20.688758850097658,"y":17.2784481048584,"z":4.430195331573486},"rotation":{"x":0.25942549109458926,"y":-0.6764765977859497,"z":0.2783171534538269,"w":0.6305739879608154},"size":6.560072898864746,"orthographic":false}